{"cameraMode":{"drawMode":0,"name":"Shaded","section":"Shading Mode"},"sceneLighting":true,"audioPlay":false,"sceneViewState":{"m_AlwaysRefresh":false,"showFog":true,"showSkybox":true,"showFlares":true,"showImageEffects":true,"showParticleSystems":true,"showVisualEffectGraphs":true,"m_FxEnabled":true},"in2DMode":false,"pivot":{"x":0.07408499717712403,"y":-3.0379867553710939,"z":2.9612388610839845},"rotation":{"x":0.5543025135993958,"y":0.031457073986530307,"z":-0.02096591703593731,"w":0.8314575552940369},"size":37.35786437988281,"orthographic":false}